config,final_capital,return,cagr,trades,win_rate,profit_ratio,avg_winner,avg_loser,avg_winner_hold_hours,avg_loser_hold_hours,time_exit_count,time_exit_pct
BASELINE (No time exits),748.0081051185389,0.49601621023707776,2.0205660754908354,2330,0.8652360515021459,0.604427842395496,0.0013186050193309319,-0.0021815755774998325,45.45188492063492,75.19108280254777,0,0.0
Max 24h hold,500.3130533434012,0.000626106686802359,0.001719201163147499,2710,0.6634686346863469,0.5092447839378387,0.0012707770747261385,-0.002495415004351339,7.008064516129032,18.785087719298247,708,26.125461254612546
Weekend Exit (Friday close),499.6060112889817,-0.0007879774220366471,-0.00216100852679757,2730,0.7032967032967034,0.4230055813944233,0.0012868436106898181,-0.0030421433363781694,9.964713541666667,28.185493827160492,573,20.98901098901099
EOD Exit at 20:00 UTC,472.68780587234085,-0.05462438825531831,-0.142864162046074,2730,0.5315018315018315,0.7639091270861031,0.0012314334781428158,-0.00161201566322432,3.7789455547898,7.082877247849883,1233,45.16483516483517
EOD Exit at 16:00 UTC,472.5857171725956,-0.054828565654808814,-0.14337210195889405,2730,0.5406593406593406,0.7343147674476593,0.0011945137348204323,-0.0016267053146327675,4.121612466124661,6.011762360446571,1359,49.78021978021978
Max 12h hold,462.51351003286106,-0.07497297993427787,-0.19255023977282426,2721,0.5560455714810731,0.6638345978952342,0.0012476763474345443,-0.0018794988260486107,4.333773959021811,10.374586092715232,1077,39.58103638368247
Max 12h + Weekend Exit,462.06020151685664,-0.07587959696628672,-0.19472021549690277,2733,0.5470179290157337,0.6851681264253151,0.001243829593274558,-0.0018153640621958182,4.217892976588629,9.627019386106623,1118,40.90742773508965
